"gnofract4d-4.3", "fract4d", "fractal.py", "gnofract4d-4.3/fract4d/fractal.py", "fractal.py", "DYN", "hasattr", "487"
"gnofract4d-4.3", "fract4d", "fractal.py", "gnofract4d-4.3/fract4d/fractal.py", "fractal.py", "DYN", "getattr", "488"
"gnofract4d-4.3", "fract4d", "fractal.py", "gnofract4d-4.3/fract4d/fractal.py", "fractal.py", "DYN", "hasattr", "1025"
"gnofract4d-4.3", "fract4d", "fractal.py", "gnofract4d-4.3/fract4d/fractal.py", "fractal.py", "DYN", "hasattr", "1027"
"gnofract4d-4.3", "fract4d", "fractal.py", "gnofract4d-4.3/fract4d/fractal.py", "fractal.py", "DYN", "hasattr", "1034"
"gnofract4d-4.3", "fract4d", "gradient.py", "gnofract4d-4.3/fract4d/gradient.py", "gradient.py", "DYN", "hasattr", "447"
"gnofract4d-4.3", "fract4d", "options.py", "gnofract4d-4.3/fract4d/options.py", "options.py", "DYN", "getattr", "167"
"gnofract4d-4.3", "fract4d", "options.py", "gnofract4d-4.3/fract4d/options.py", "options.py", "DYN", "getattr", "169"
"gnofract4d-4.3", "fract4d_compiler", "codegen.py", "gnofract4d-4.3/fract4d_compiler/codegen.py", "codegen.py", "DYN", "hasattr", "407"
"gnofract4d-4.3", "fract4d_compiler", "codegen.py", "gnofract4d-4.3/fract4d_compiler/codegen.py", "codegen.py", "DYN", "hasattr", "439"
"gnofract4d-4.3", "fract4d_compiler", "codegen.py", "gnofract4d-4.3/fract4d_compiler/codegen.py", "codegen.py", "DYN", "hasattr", "451"
"gnofract4d-4.3", "fract4d_compiler", "codegen.py", "gnofract4d-4.3/fract4d_compiler/codegen.py", "codegen.py", "DYN", "eval", "745"
"gnofract4d-4.3", "fract4d_compiler", "fsymbol.py", "gnofract4d-4.3/fract4d_compiler/fsymbol.py", "fsymbol.py", "DYN", "eval", "43"
"gnofract4d-4.3", "fract4d_compiler", "fsymbol.py", "gnofract4d-4.3/fract4d_compiler/fsymbol.py", "fsymbol.py", "DYN", "eval", "51"
"gnofract4d-4.3", "fract4d_compiler", "fsymbol.py", "gnofract4d-4.3/fract4d_compiler/fsymbol.py", "fsymbol.py", "DYN", "hasattr", "626"
"gnofract4d-4.3", "fract4d_compiler", "fsymbol.py", "gnofract4d-4.3/fract4d_compiler/fsymbol.py", "fsymbol.py", "DYN", "hasattr", "680"
"gnofract4d-4.3", "fract4d_compiler", "fsymbol.py", "gnofract4d-4.3/fract4d_compiler/fsymbol.py", "fsymbol.py", "DYN", "hasattr", "681"
"gnofract4d-4.3", "fract4d_compiler", "fsymbol.py", "gnofract4d-4.3/fract4d_compiler/fsymbol.py", "fsymbol.py", "DYN", "hasattr", "827"
"gnofract4d-4.3", "fract4d_compiler", "fsymbol.py", "gnofract4d-4.3/fract4d_compiler/fsymbol.py", "fsymbol.py", "DYN", "getattr", "947"
"gnofract4d-4.3", "fract4d_compiler", "function.py", "gnofract4d-4.3/fract4d_compiler/function.py", "function.py", "DYN", "hasattr", "18"
"gnofract4d-4.3", "fract4d_compiler", "function.py", "gnofract4d-4.3/fract4d_compiler/function.py", "function.py", "DYN", "hasattr", "20"
"gnofract4d-4.3", "fract4d_compiler", "lex.py", "gnofract4d-4.3/fract4d_compiler/lex.py", "lex.py", "DYN", "getattr", "160"
"gnofract4d-4.3", "fract4d_compiler", "lex.py", "gnofract4d-4.3/fract4d_compiler/lex.py", "lex.py", "DYN", "getattr", "166"
"gnofract4d-4.3", "fract4d_compiler", "lex.py", "gnofract4d-4.3/fract4d_compiler/lex.py", "lex.py", "DYN", "exec", "218"
"gnofract4d-4.3", "fract4d_compiler", "lex.py", "gnofract4d-4.3/fract4d_compiler/lex.py", "lex.py", "DYN", "getattr", "221"
"gnofract4d-4.3", "fract4d_compiler", "lex.py", "gnofract4d-4.3/fract4d_compiler/lex.py", "lex.py", "DYN", "getattr", "455"
"gnofract4d-4.3", "fract4d_compiler", "lex.py", "gnofract4d-4.3/fract4d_compiler/lex.py", "lex.py", "DYN", "hasattr", "720"
"gnofract4d-4.3", "fract4d_compiler", "lex.py", "gnofract4d-4.3/fract4d_compiler/lex.py", "lex.py", "DYN", "getattr", "977"
"gnofract4d-4.3", "fract4d_compiler", "lex.py", "gnofract4d-4.3/fract4d_compiler/lex.py", "lex.py", "DYN", "exec", "1137"
"gnofract4d-4.3", "fract4d_compiler", "lex.py", "gnofract4d-4.3/fract4d_compiler/lex.py", "lex.py", "DYN", "getattr", "1138"
"gnofract4d-4.3", "fract4d_compiler", "lex.py", "gnofract4d-4.3/fract4d_compiler/lex.py", "lex.py", "DYN", "hasattr", "1195"
"gnofract4d-4.3", "fract4d_compiler", "tests", "gnofract4d-4.3/fract4d_compiler/tests/test_symbol.py", "test_symbol.py", "DYN", "hasattr", "65"
"gnofract4d-4.3", "fract4d_compiler", "tests", "gnofract4d-4.3/fract4d_compiler/tests/test_translate.py", "test_translate.py", "DYN", "hasattr", "1431"
"gnofract4d-4.3", "fract4d_compiler", "tests", "gnofract4d-4.3/fract4d_compiler/tests/test_translate.py", "test_translate.py", "DYN", "hasattr", "1639"
"gnofract4d-4.3", "fract4d_compiler", "translate.py", "gnofract4d-4.3/fract4d_compiler/translate.py", "translate.py", "DYN", "setattr", "184"
"gnofract4d-4.3", "fract4d_compiler", "translate.py", "gnofract4d-4.3/fract4d_compiler/translate.py", "translate.py", "DYN", "hasattr", "187"
"gnofract4d-4.3", "fract4d_compiler", "translate.py", "gnofract4d-4.3/fract4d_compiler/translate.py", "translate.py", "DYN", "hasattr", "247"
"gnofract4d-4.3", "fract4d_compiler", "translate.py", "gnofract4d-4.3/fract4d_compiler/translate.py", "translate.py", "DYN", "hasattr", "261"
"gnofract4d-4.3", "fract4d_compiler", "translate.py", "gnofract4d-4.3/fract4d_compiler/translate.py", "translate.py", "DYN", "setattr", "303"
"gnofract4d-4.3", "fract4d_compiler", "translate.py", "gnofract4d-4.3/fract4d_compiler/translate.py", "translate.py", "DYN", "getattr", "833"
"gnofract4d-4.3", "fract4d_compiler", "yacc.py", "gnofract4d-4.3/fract4d_compiler/yacc.py", "yacc.py", "DYN", "getattr", "274"
"gnofract4d-4.3", "fract4d_compiler", "yacc.py", "gnofract4d-4.3/fract4d_compiler/yacc.py", "yacc.py", "DYN", "getattr", "280"
"gnofract4d-4.3", "fract4d_compiler", "yacc.py", "gnofract4d-4.3/fract4d_compiler/yacc.py", "yacc.py", "DYN", "getattr", "281"
"gnofract4d-4.3", "fract4d_compiler", "yacc.py", "gnofract4d-4.3/fract4d_compiler/yacc.py", "yacc.py", "DYN", "getattr", "285"
"gnofract4d-4.3", "fract4d_compiler", "yacc.py", "gnofract4d-4.3/fract4d_compiler/yacc.py", "yacc.py", "DYN", "getattr", "288"
"gnofract4d-4.3", "fract4d_compiler", "yacc.py", "gnofract4d-4.3/fract4d_compiler/yacc.py", "yacc.py", "DYN", "getattr", "289"
"gnofract4d-4.3", "fract4d_compiler", "yacc.py", "gnofract4d-4.3/fract4d_compiler/yacc.py", "yacc.py", "DYN", "getattr", "511"
"gnofract4d-4.3", "fract4d_compiler", "yacc.py", "gnofract4d-4.3/fract4d_compiler/yacc.py", "yacc.py", "DYN", "getattr", "512"
"gnofract4d-4.3", "fract4d_compiler", "yacc.py", "gnofract4d-4.3/fract4d_compiler/yacc.py", "yacc.py", "DYN", "getattr", "597"
"gnofract4d-4.3", "fract4d_compiler", "yacc.py", "gnofract4d-4.3/fract4d_compiler/yacc.py", "yacc.py", "DYN", "hasattr", "628"
"gnofract4d-4.3", "fract4d_compiler", "yacc.py", "gnofract4d-4.3/fract4d_compiler/yacc.py", "yacc.py", "DYN", "hasattr", "641"
"gnofract4d-4.3", "fract4d_compiler", "yacc.py", "gnofract4d-4.3/fract4d_compiler/yacc.py", "yacc.py", "DYN", "getattr", "688"
"gnofract4d-4.3", "fract4d_compiler", "yacc.py", "gnofract4d-4.3/fract4d_compiler/yacc.py", "yacc.py", "DYN", "getattr", "690"
"gnofract4d-4.3", "fract4d_compiler", "yacc.py", "gnofract4d-4.3/fract4d_compiler/yacc.py", "yacc.py", "DYN", "hasattr", "701"
"gnofract4d-4.3", "fract4d_compiler", "yacc.py", "gnofract4d-4.3/fract4d_compiler/yacc.py", "yacc.py", "DYN", "hasattr", "703"
"gnofract4d-4.3", "fract4d_compiler", "yacc.py", "gnofract4d-4.3/fract4d_compiler/yacc.py", "yacc.py", "DYN", "getattr", "844"
"gnofract4d-4.3", "fract4d_compiler", "yacc.py", "gnofract4d-4.3/fract4d_compiler/yacc.py", "yacc.py", "DYN", "getattr", "845"
"gnofract4d-4.3", "fract4d_compiler", "yacc.py", "gnofract4d-4.3/fract4d_compiler/yacc.py", "yacc.py", "DYN", "getattr", "924"
"gnofract4d-4.3", "fract4d_compiler", "yacc.py", "gnofract4d-4.3/fract4d_compiler/yacc.py", "yacc.py", "DYN", "hasattr", "946"
"gnofract4d-4.3", "fract4d_compiler", "yacc.py", "gnofract4d-4.3/fract4d_compiler/yacc.py", "yacc.py", "DYN", "hasattr", "959"
"gnofract4d-4.3", "fract4d_compiler", "yacc.py", "gnofract4d-4.3/fract4d_compiler/yacc.py", "yacc.py", "DYN", "getattr", "1006"
"gnofract4d-4.3", "fract4d_compiler", "yacc.py", "gnofract4d-4.3/fract4d_compiler/yacc.py", "yacc.py", "DYN", "getattr", "1008"
"gnofract4d-4.3", "fract4d_compiler", "yacc.py", "gnofract4d-4.3/fract4d_compiler/yacc.py", "yacc.py", "DYN", "hasattr", "1019"
"gnofract4d-4.3", "fract4d_compiler", "yacc.py", "gnofract4d-4.3/fract4d_compiler/yacc.py", "yacc.py", "DYN", "hasattr", "1021"
"gnofract4d-4.3", "fract4d_compiler", "yacc.py", "gnofract4d-4.3/fract4d_compiler/yacc.py", "yacc.py", "DYN", "getattr", "1226"
"gnofract4d-4.3", "fract4d_compiler", "yacc.py", "gnofract4d-4.3/fract4d_compiler/yacc.py", "yacc.py", "DYN", "hasattr", "1248"
"gnofract4d-4.3", "fract4d_compiler", "yacc.py", "gnofract4d-4.3/fract4d_compiler/yacc.py", "yacc.py", "DYN", "hasattr", "1261"
"gnofract4d-4.3", "fract4d_compiler", "yacc.py", "gnofract4d-4.3/fract4d_compiler/yacc.py", "yacc.py", "DYN", "hasattr", "1314"
"gnofract4d-4.3", "fract4d_compiler", "yacc.py", "gnofract4d-4.3/fract4d_compiler/yacc.py", "yacc.py", "DYN", "hasattr", "1316"
"gnofract4d-4.3", "fract4d_compiler", "yacc.py", "gnofract4d-4.3/fract4d_compiler/yacc.py", "yacc.py", "DYN", "eval", "1625"
"gnofract4d-4.3", "fract4d_compiler", "yacc.py", "gnofract4d-4.3/fract4d_compiler/yacc.py", "yacc.py", "DYN", "exec", "2058"
"gnofract4d-4.3", "fract4d_compiler", "yacc.py", "gnofract4d-4.3/fract4d_compiler/yacc.py", "yacc.py", "DYN", "getattr", "2227"
"gnofract4d-4.3", "fract4d_compiler", "yacc.py", "gnofract4d-4.3/fract4d_compiler/yacc.py", "yacc.py", "DYN", "getattr", "3261"
"gnofract4d-4.3", "fract4d_compiler", "yacc.py", "gnofract4d-4.3/fract4d_compiler/yacc.py", "yacc.py", "DYN", "getattr", "3374"
"gnofract4d-4.3", "fract4d_compiler", "yacc.py", "gnofract4d-4.3/fract4d_compiler/yacc.py", "yacc.py", "DYN", "exec", "3396"
"gnofract4d-4.3", "fract4d_compiler", "yacc.py", "gnofract4d-4.3/fract4d_compiler/yacc.py", "yacc.py", "DYN", "getattr", "3397"
"gnofract4d-4.3", "fract4dgui", "gtkfractal.py", "gnofract4d-4.3/fract4dgui/gtkfractal.py", "gtkfractal.py", "DYN", "getattr", "231"
"gnofract4d-4.3", "fract4dgui", "gtkfractal.py", "gnofract4d-4.3/fract4dgui/gtkfractal.py", "gtkfractal.py", "DYN", "hasattr", "528"
"gnofract4d-4.3", "fract4dgui", "gtkfractal.py", "gnofract4d-4.3/fract4dgui/gtkfractal.py", "gtkfractal.py", "DYN", "hasattr", "528"
"gnofract4d-4.3", "fract4dgui", "gtkfractal.py", "gnofract4d-4.3/fract4dgui/gtkfractal.py", "gtkfractal.py", "DYN", "hasattr", "669"
"gnofract4d-4.3", "fract4dgui", "gtkfractal.py", "gnofract4d-4.3/fract4dgui/gtkfractal.py", "gtkfractal.py", "DYN", "hasattr", "997"
"gnofract4d-4.3", "fract4dgui", "gtkfractal.py", "gnofract4d-4.3/fract4dgui/gtkfractal.py", "gtkfractal.py", "DYN", "hasattr", "1009"
"gnofract4d-4.3", "fract4dgui", "settings.py", "gnofract4d-4.3/fract4dgui/settings.py", "settings.py", "DYN", "hasattr", "697"
"gnofract4d-4.3", "fract4dgui", "tests", "gnofract4d-4.3/fract4dgui/tests/test_director.py", "test_director.py", "DYN", "hasattr", "71"
